{"cameraMode":{"drawMode":0,"name":"Shaded","section":"Shading Mode"},"sceneLighting":true,"audioPlay":false,"sceneViewState":{"m_AlwaysRefresh":false,"showFog":true,"showSkybox":true,"showFlares":true,"showImageEffects":true,"showParticleSystems":true,"showVisualEffectGraphs":true,"m_FxEnabled":true},"in2DMode":false,"pivot":{"x":8.514638900756836,"y":2.9786949157714845,"z":2.4555208683013918},"rotation":{"x":0.25894445180892947,"y":0.11929979920387268,"z":-0.032248254865407947,"w":0.9579594731330872},"size":6.947461128234863,"orthographic":true}