{"cameraMode":{"drawMode":0,"name":"Shaded","section":"Shading Mode"},"sceneLighting":true,"audioPlay":false,"sceneViewState":{"m_AlwaysRefresh":false,"showFog":true,"showSkybox":true,"showFlares":true,"showImageEffects":true,"showParticleSystems":true,"showVisualEffectGraphs":true,"m_FxEnabled":true},"in2DMode":false,"pivot":{"x":9.519457817077637,"y":2.3017616271972658,"z":2.3906145095825197},"rotation":{"x":0.12144266068935394,"y":0.35622990131378176,"z":-0.0467534065246582,"w":0.9252970814704895},"size":7.9030070304870609,"orthographic":true}