{"cameraMode":{"drawMode":0,"name":"Shaded","section":"Shading Mode"},"sceneLighting":true,"audioPlay":false,"sceneViewState":{"m_AlwaysRefresh":false,"showFog":true,"showSkybox":true,"showFlares":true,"showImageEffects":true,"showParticleSystems":true,"showVisualEffectGraphs":true,"m_FxEnabled":true},"in2DMode":false,"pivot":{"x":14.277029037475586,"y":5.947461128234863,"z":-4.472517490386963},"rotation":{"x":0.28988179564476015,"y":0.0916963741183281,"z":-0.027923688292503358,"w":0.9522656202316284},"size":13.602045059204102,"orthographic":true}